{"cameraMode":{"drawMode":0,"name":"Shaded","section":"Shading Mode"},"sceneLighting":true,"audioPlay":false,"sceneViewState":{"showFog":true,"showMaterialUpdate":true,"showSkybox":true,"showFlares":true,"showImageEffects":true,"showParticleSystems":true},"in2DMode":false,"pivot":{"x":1.889064073562622,"y":1.6475558280944825,"z":9.130148887634278},"rotation":{"x":-0.04357878118753433,"y":0.09933766722679138,"z":-0.004354444332420826,"w":-0.9940919280052185},"size":7.608448028564453,"orthographic":false}