{"cameraMode":{"drawMode":0,"name":"Shaded","section":"Shading Mode"},"sceneLighting":true,"audioPlay":false,"sceneViewState":{"showFog":true,"showMaterialUpdate":true,"showSkybox":true,"showFlares":true,"showImageEffects":true,"showParticleSystems":true},"in2DMode":false,"pivot":{"x":-0.372569739818573,"y":-0.9446301460266113,"z":5.775633335113525},"rotation":{"x":-0.06475938111543656,"y":0.012570771388709546,"z":-0.0008144988096319139,"w":-0.9978243112564087},"size":2.859579086303711,"orthographic":false}